timestamp,branch,item,status,supplier,message
"2026-04-30 16:19:17","Cairo","MacBook","REQUEST","","Cairo requested MacBook"
"2026-04-30 16:19:17","Cairo","MacBook","APPROVED","Apple Supplier","M00 APPROVED: MacBook for Cairo"
"2026-04-30 16:19:17","Cairo","MacBook","SUPPLIER_CONTACTED","Apple Supplier","M00 CONTACTED: Apple Supplier for MacBook"
"2026-04-30 16:19:17","Cairo","MacBook","SUPPLIER_CONFIRMED","Apple Supplier","SUPPLIER CONFIRMED: Apple Supplier approved new stock for MacBook"
"2026-04-30 16:19:17","Cairo","MacBook","BRANCH_UPDATED","Apple Supplier","M00 UPDATED BRANCH: Cairo confirmed incoming stock for MacBook"
"2026-04-30 17:17:53","Cairo","Logitech MX Master 3","REQUEST","","Cairo requested Logitech MX Master 3"
"2026-04-30 17:17:53","Cairo","Logitech MX Master 3","APPROVED","General Supplier","M00 APPROVED: Logitech MX Master 3 for Cairo"
"2026-04-30 17:17:53","Cairo","Logitech MX Master 3","SUPPLIER_CONTACTED","General Supplier","M00 CONTACTED: General Supplier for Logitech MX Master 3"
"2026-04-30 17:17:53","Cairo","Logitech MX Master 3","SUPPLIER_CONFIRMED","General Supplier","SUPPLIER CONFIRMED: General Supplier approved new stock for Logitech MX Master 3"
"2026-04-30 17:17:53","Cairo","Logitech MX Master 3","BRANCH_UPDATED","General Supplier","M00 UPDATED BRANCH: Cairo confirmed incoming stock for Logitech MX Master 3"
"2026-04-30 17:17:54","Cairo","Logitech MX Master 3","REQUEST","","Cairo requested Logitech MX Master 3"
"2026-04-30 17:17:54","Cairo","Logitech MX Master 3","APPROVED","General Supplier","M00 APPROVED: Logitech MX Master 3 for Cairo"
"2026-04-30 17:17:54","Cairo","Logitech MX Master 3","SUPPLIER_CONTACTED","General Supplier","M00 CONTACTED: General Supplier for Logitech MX Master 3"
"2026-04-30 17:17:54","Cairo","Logitech MX Master 3","SUPPLIER_CONFIRMED","General Supplier","SUPPLIER CONFIRMED: General Supplier approved new stock for Logitech MX Master 3"
"2026-04-30 17:17:54","Cairo","Logitech MX Master 3","BRANCH_UPDATED","General Supplier","M00 UPDATED BRANCH: Cairo confirmed incoming stock for Logitech MX Master 3"
"2026-04-30 17:17:54","Cairo","Logitech MX Master 3","REQUEST","","Cairo requested Logitech MX Master 3"
"2026-04-30 17:17:54","Cairo","Logitech MX Master 3","APPROVED","General Supplier","M00 APPROVED: Logitech MX Master 3 for Cairo"
"2026-04-30 17:17:54","Cairo","Logitech MX Master 3","SUPPLIER_CONTACTED","General Supplier","M00 CONTACTED: General Supplier for Logitech MX Master 3"
"2026-04-30 17:17:54","Cairo","Logitech MX Master 3","SUPPLIER_CONFIRMED","General Supplier","SUPPLIER CONFIRMED: General Supplier approved new stock for Logitech MX Master 3"
"2026-04-30 17:17:54","Cairo","Logitech MX Master 3","BRANCH_UPDATED","General Supplier","M00 UPDATED BRANCH: Cairo confirmed incoming stock for Logitech MX Master 3"
"2026-04-30 17:17:56","Cairo","Samsung S24 Ultra","REQUEST","","Cairo requested Samsung S24 Ultra"
"2026-04-30 17:17:56","Cairo","Samsung S24 Ultra","APPROVED","Samsung Supplier","M00 APPROVED: Samsung S24 Ultra for Cairo"
"2026-04-30 17:17:56","Cairo","Samsung S24 Ultra","SUPPLIER_CONTACTED","Samsung Supplier","M00 CONTACTED: Samsung Supplier for Samsung S24 Ultra"
"2026-04-30 17:17:56","Cairo","Samsung S24 Ultra","SUPPLIER_CONFIRMED","Samsung Supplier","SUPPLIER CONFIRMED: Samsung Supplier approved new stock for Samsung S24 Ultra"
"2026-04-30 17:17:56","Cairo","Samsung S24 Ultra","BRANCH_UPDATED","Samsung Supplier","M00 UPDATED BRANCH: Cairo confirmed incoming stock for Samsung S24 Ultra"
"2026-04-30 17:17:57","Cairo","Samsung S24 Ultra","REQUEST","","Cairo requested Samsung S24 Ultra"
"2026-04-30 17:17:57","Cairo","Samsung S24 Ultra","APPROVED","Samsung Supplier","M00 APPROVED: Samsung S24 Ultra for Cairo"
"2026-04-30 17:17:57","Cairo","Samsung S24 Ultra","SUPPLIER_CONTACTED","Samsung Supplier","M00 CONTACTED: Samsung Supplier for Samsung S24 Ultra"
"2026-04-30 17:17:57","Cairo","Samsung S24 Ultra","SUPPLIER_CONFIRMED","Samsung Supplier","SUPPLIER CONFIRMED: Samsung Supplier approved new stock for Samsung S24 Ultra"
"2026-04-30 17:17:57","Cairo","Samsung S24 Ultra","BRANCH_UPDATED","Samsung Supplier","M00 UPDATED BRANCH: Cairo confirmed incoming stock for Samsung S24 Ultra"
"2026-04-30 17:17:58","Cairo","Samsung S24 Ultra","REQUEST","","Cairo requested Samsung S24 Ultra"
"2026-04-30 17:17:58","Cairo","Samsung S24 Ultra","APPROVED","Samsung Supplier","M00 APPROVED: Samsung S24 Ultra for Cairo"
"2026-04-30 17:17:58","Cairo","Samsung S24 Ultra","SUPPLIER_CONTACTED","Samsung Supplier","M00 CONTACTED: Samsung Supplier for Samsung S24 Ultra"
"2026-04-30 17:17:58","Cairo","Samsung S24 Ultra","SUPPLIER_CONFIRMED","Samsung Supplier","SUPPLIER CONFIRMED: Samsung Supplier approved new stock for Samsung S24 Ultra"
"2026-04-30 17:17:58","Cairo","Samsung S24 Ultra","BRANCH_UPDATED","Samsung Supplier","M00 UPDATED BRANCH: Cairo confirmed incoming stock for Samsung S24 Ultra"
"2026-04-30 17:27:46","Cairo","Logitech MX Master 3","REQUEST","","Cairo requested Logitech MX Master 3"
"2026-04-30 17:27:46","Cairo","Logitech MX Master 3","APPROVED","General Supplier","M00 APPROVED: Logitech MX Master 3 for Cairo"
"2026-04-30 17:27:46","Cairo","Logitech MX Master 3","SUPPLIER_CONTACTED","General Supplier","M00 CONTACTED: General Supplier for Logitech MX Master 3"
"2026-04-30 17:27:46","Cairo","Logitech MX Master 3","SUPPLIER_CONFIRMED","General Supplier","SUPPLIER CONFIRMED: General Supplier approved new stock for Logitech MX Master 3"
"2026-04-30 17:27:46","Cairo","Logitech MX Master 3","BRANCH_UPDATED","General Supplier","M00 UPDATED BRANCH: Cairo confirmed incoming stock for Logitech MX Master 3"
"2026-04-30 17:27:56","Cairo","Samsung S24 Ultra","REQUEST","","Cairo requested Samsung S24 Ultra"
"2026-04-30 17:27:56","Cairo","Samsung S24 Ultra","APPROVED","Samsung Supplier","M00 APPROVED: Samsung S24 Ultra for Cairo"
"2026-04-30 17:27:56","Cairo","Samsung S24 Ultra","SUPPLIER_CONTACTED","Samsung Supplier","M00 CONTACTED: Samsung Supplier for Samsung S24 Ultra"
"2026-04-30 17:27:56","Cairo","Samsung S24 Ultra","SUPPLIER_CONFIRMED","Samsung Supplier","SUPPLIER CONFIRMED: Samsung Supplier approved new stock for Samsung S24 Ultra"
"2026-04-30 17:27:56","Cairo","Samsung S24 Ultra","BRANCH_UPDATED","Samsung Supplier","M00 UPDATED BRANCH: Cairo confirmed incoming stock for Samsung S24 Ultra"
"2026-04-30 17:28:09","Cairo","Elite Laptop","REQUEST","","Cairo requested Elite Laptop"
"2026-04-30 17:28:09","Cairo","Elite Laptop","APPROVED","General Supplier","M00 APPROVED: Elite Laptop for Cairo"
"2026-04-30 17:28:09","Cairo","Elite Laptop","SUPPLIER_CONTACTED","General Supplier","M00 CONTACTED: General Supplier for Elite Laptop"
"2026-04-30 17:28:09","Cairo","Elite Laptop","SUPPLIER_CONFIRMED","General Supplier","SUPPLIER CONFIRMED: General Supplier approved new stock for Elite Laptop"
"2026-04-30 17:28:09","Cairo","Elite Laptop","BRANCH_UPDATED","General Supplier","M00 UPDATED BRANCH: Cairo confirmed incoming stock for Elite Laptop"
"2026-04-30 17:32:55","Cairo","Logitech MX Master 3","REQUEST","","Cairo requested Logitech MX Master 3"
"2026-04-30 17:32:55","Cairo","Logitech MX Master 3","APPROVED","General Supplier","M00 APPROVED: Logitech MX Master 3 for Cairo"
"2026-04-30 17:32:55","Cairo","Logitech MX Master 3","SUPPLIER_CONTACTED","General Supplier","M00 CONTACTED: General Supplier for Logitech MX Master 3"
"2026-04-30 17:32:55","Cairo","Logitech MX Master 3","SUPPLIER_CONFIRMED","General Supplier","SUPPLIER CONFIRMED: General Supplier approved new stock for Logitech MX Master 3"
"2026-04-30 17:32:55","Cairo","Logitech MX Master 3","BRANCH_UPDATED","General Supplier","M00 UPDATED BRANCH: Cairo confirmed incoming stock for Logitech MX Master 3"
"2026-04-30 17:32:56","Cairo","Logitech MX Master 3","RESTOCKED","","Logitech MX Master 3 restocked to 15 units"
"2026-04-30 17:34:30","Cairo","Elite Laptop","REQUEST","","Cairo requested Elite Laptop"
"2026-04-30 17:34:30","Cairo","Elite Laptop","APPROVED","General Supplier","M00 APPROVED: Elite Laptop for Cairo"
"2026-04-30 17:34:30","Cairo","Elite Laptop","SUPPLIER_CONTACTED","General Supplier","M00 CONTACTED: General Supplier for Elite Laptop"
"2026-04-30 17:34:30","Cairo","Elite Laptop","SUPPLIER_CONFIRMED","General Supplier","SUPPLIER CONFIRMED: General Supplier approved new stock for Elite Laptop"
"2026-04-30 17:34:30","Cairo","Elite Laptop","BRANCH_UPDATED","General Supplier","M00 UPDATED BRANCH: Cairo confirmed incoming stock for Elite Laptop"
"2026-04-30 17:34:31","Cairo","Elite Laptop","RESTOCKED","","Elite Laptop restocked to 15 units"
"2026-04-30 17:38:26","Cairo","Elite Laptop","REQUEST","","Cairo requested Elite Laptop"
"2026-04-30 17:38:26","Cairo","Elite Laptop","APPROVED","General Supplier","M00 APPROVED: Elite Laptop for Cairo"
"2026-04-30 17:38:26","Cairo","Elite Laptop","SUPPLIER_CONTACTED","General Supplier","M00 CONTACTED: General Supplier for Elite Laptop"
"2026-04-30 17:38:26","Cairo","Elite Laptop","SUPPLIER_CONFIRMED","General Supplier","SUPPLIER CONFIRMED: General Supplier approved new stock for Elite Laptop"
"2026-04-30 17:38:26","Cairo","Elite Laptop","BRANCH_UPDATED","General Supplier","M00 UPDATED BRANCH: Cairo confirmed incoming stock for Elite Laptop"
"2026-04-30 17:38:27","Cairo","Elite Laptop","RESTOCKED","","Elite Laptop restocked to 15 units"
